<?xml version="1.0" encoding="UTF-8"?>
<configuration>

	<!-- Send logs to System.out -->
	<appender name="STDOUT"
		class="ch.qos.logback.core.ConsoleAppender">
		<!-- By default, encoders are assigned the type ch.qos.logback.classic.encoder.PatternLayoutEncoder -->
		<encoder>
			<pattern>%d{HH:mm:ss.SSS} [%thread] %-5level %logger{5} - %msg%n</pattern>
		</encoder>
	</appender>

	<!-- Send logs to a file at "***.log" -->
	<appender name="FILE"
		class="ch.qos.logback.core.rolling.RollingFileAppender">
		<file>logs/cda2fhir.log</file>
		<encoder
			class="ch.qos.logback.classic.encoder.PatternLayoutEncoder">
			<Pattern>%d{yyyy-MM-dd HH:mm:ss.SSS} [%thread] %-5level %logger{36} -
				%msg%n</Pattern>
		</encoder>

		<rollingPolicy
			class="ch.qos.logback.core.rolling.FixedWindowRollingPolicy">
			<FileNamePattern>logs/cda2fhir.%i.log.zip</FileNamePattern>
			<MinIndex>1</MinIndex>
			<MaxIndex>10</MaxIndex>
		</rollingPolicy>

		<triggeringPolicy
			class="ch.qos.logback.core.rolling.SizeBasedTriggeringPolicy">
			<MaxFileSize>10MB</MaxFileSize>
		</triggeringPolicy>
	</appender>

	<appender name="ASYNC"
		class="ch.qos.logback.classic.AsyncAppender">
		<appender-ref ref="FILE" />
	</appender>

	<!-- By default, the level of the root level is set to DEBUG -->
	<root level="DEBUG">
		<appender-ref ref="ASYNC" />
		<appender-ref ref="STDOUT" />
	</root>

	<!-- Suppress the repeating and annoying DEBUG level logs by these classes -->
	<logger name="ca.uhn.fhir.context.ModelScanner" level="WARN" />
	<logger name="org.apache.http" level="WARN" />
	<logger
		name="org.apache.http.client.protocol.ResponseProcessCookies"
		level="ERROR" />
	<logger name="org.thymeleaf" level="WARN" />
	<logger
		name="ca.uhn.fhir.narrative.BaseThymeleafNarrativeGenerator"
		level="WARN" />
</configuration>