<configuration scan="true" scanPeriod="30 seconds">

	<appender name="STDOUT" class="ch.qos.logback.core.ConsoleAppender">
		<filter class="ch.qos.logback.classic.filter.ThresholdFilter">
			<level>INFO</level>
		</filter>
		<encoder>
			<pattern>%d{yyyy-MM-dd HH:mm:ss.SSS} [%thread] %-5level %logger{36} [%file:%line] %msg%n</pattern>
		</encoder>
	</appender>

	<logger name="org.springframework.beans" level="INFO">
		<appender-ref ref="STDOUT" />
	</logger>
	<logger name="org.springframework.core" level="INFO">
		<appender-ref ref="STDOUT" />
	</logger>

	<root level="INFO">
		<appender-ref ref="STDOUT" />
	</root>

</configuration>
