<beans xmlns="http://www.springframework.org/schema/beans" xmlns:mvc="http://www.springframework.org/schema/mvc" xmlns:xsi="http://www.w3.org/2001/XMLSchema-instance"
	xmlns:tx="http://www.springframework.org/schema/tx" xmlns:context="http://www.springframework.org/schema/context" xmlns:security="http://www.springframework.org/schema/security"
	xmlns:oauth="http://www.springframework.org/schema/security/oauth2"
	xsi:schemaLocation="http://www.springframework.org/schema/security/oauth2 http://www.springframework.org/schema/security/spring-security-oauth2-2.0.xsd
		http://www.springframework.org/schema/mvc http://www.springframework.org/schema/mvc/spring-mvc-3.2.xsd
		http://www.springframework.org/schema/security http://www.springframework.org/schema/security/spring-security-3.1.xsd
		http://www.springframework.org/schema/beans http://www.springframework.org/schema/beans/spring-beans-3.2.xsd
		http://www.springframework.org/schema/tx http://www.springframework.org/schema/tx/spring-tx-3.2.xsd
		http://www.springframework.org/schema/context http://www.springframework.org/schema/context/spring-context-3.2.xsd">

	<mvc:annotation-driven />
	<context:component-scan base-package="ca.uhn.fhir.to" />

	<bean class="ca.uhn.fhir.to.mvc.AnnotationMethodHandlerAdapterConfigurer" init-method="init"/>

	<mvc:resources location="/css/" mapping="/css/**" />
	<mvc:resources location="/fa/" mapping="/fa/**" />
	<mvc:resources location="/fonts/" mapping="/fonts/**" />
	<mvc:resources location="/img/" mapping="/img/**" />
	<mvc:resources location="/js/" mapping="/js/**" />

	<bean id="templateResolver" class="org.thymeleaf.templateresolver.ServletContextTemplateResolver">
		<property name="prefix" value="/WEB-INF/templates/" />
		<property name="suffix" value=".html" />
		<property name="templateMode" value="HTML5" />
		<property name="characterEncoding" value="UTF-8" />
	</bean>

	<bean id="templateEngine" class="org.thymeleaf.spring4.SpringTemplateEngine">
		<property name="templateResolver" ref="templateResolver" />
	</bean>

	<bean class="org.thymeleaf.spring4.view.ThymeleafViewResolver">
		<property name="templateEngine" ref="templateEngine" />
		<property name="characterEncoding" value="UTF-8" />
	</bean>

</beans>